number,name,price,review number,5 stars,4 stars,3 stars,2 stars,1 star
547748539,"Crest + Scope Complete Whitening Toothpaste, Minty Fresh, 5.4 oz, Pack of 3",$6.52,89,2106,584,126,37,34
580400401,"Colgate Cavity Protection Toothpaste with Fluoride, Great Regular Flavor - 6 Ounce, 3 pack",$3.96,206,88,13,5,0,3
143583812,"Parodontax Bleeding Gums Toothpaste, Teeth Whitening, 3.4 Ounce",$5.92,36,29,5,0,2,3
831725130,"Colgate Total Whitening Toothpaste, 4.8 oz. 2-pack",$4.96,206,223,81,22,10,124
125185675,"Parodontax Bleeding Gums Toothpaste, Extra Fresh, 3.4 Ounce",$5.47,262,35,6,1,1,0
16940601,"Sensodyne Sensitivity Toothpaste, Extra Whitening, for Sensitive Teeth, 24/7 Protection, 4 ounce (Pack of 2)",$10.24,36,128,17,2,0,2
393255736,"Colgate Triple Action Toothpaste, Mint - 6 Ounce, 3 Pack",$3.96,36,78,12,2,0,0
569223950,"Crest + Scope Outlast Complete Whitening Toothpaste, Mint, 5.4 oz, Pack of 3",$6.52,36,76,9,2,0,2
539269609,"Colgate Baking Soda and Peroxide Whitening Toothpaste, Brisk Mint - 6 Ounce, 3 Pack",$3.96 - $7.68,36,90,7,3,1,1
55335249,"Crest 3D White Luxe Glamorous White Toothpaste, 3.5 oz, Pack of 2",$13.90,471,335,105,43,12,12
159744748,"Crest Pro-Health Whitening Gel Toothpaste, 4.6 oz, Pack of 2",$4.99,1,88,35,11,12,16
47826722,"Tom's of Maine Natural Toothpaste Peppermint Antiplaque & Whitening, 2 ct",$7.96,471,22,2,1,0,1
35764260,"Colgate Optic White Whitening Toothpaste, Sparkling White - 5 ounce (2 pack)",$5.00,102,77,13,5,2,4
38587646,"Sensodyne Sensitivity Toothpaste for Sensitive Teeth, Complete Protection, Extra Fresh, 3.4 ounce",$5.72,262,45,9,0,1,3
42417998,"Sensodyne Repair and Protect Whitening Toothpaste for Sensitive Teeth, 3.4 Ounce Tube",$5.72 - $10.98,262,77,7,4,2,6
49081565,"Colgate Max Fresh Toothpaste with Mini Breath Strips, Cool Mint - 6.0 Ounce (3 Pack)",$5.92,36,43,7,2,1,0
17248395,"Sensodyne Pronamel Gentle Whitening Fluoride Toothpaste to Strengthen and Protect Enamel, 4 Ounce Twinpack (2 tubes of 4oz)",$10.24,36,171,42,6,3,3
107637420,"Crest Pro-Health Sensitive & Enamel Shield Toothpaste, 4.6 oz, Pack of 2",$4.97,206,65,20,9,6,11
414334175,"Colgate Sensitive Toothpaste, Complete Protection - Mint Clean Paste Formula (6 ounce, Pack of 3)",$13.25,67,32,9,2,1,2
11027565,"Crest Plus Complete Whitening Fluoride Toothpaste, Cinnamon Rush, 6.0 oz",$2.58,262,142,13,5,0,3
10453056,"Aquafresh Fluoride Toothpaste Kids Cavity Protection Bubble Mint, 4.6 OZ",$1.97,38,31,4,3,2,1
22210494,"Arm & Hammer Advance White Extreme Whitening with Stain Defense, Fresh Mint, 6 oz Twin Pack (Packaging May Vary)",$2.99 - $5.44,36,264,63,12,3,6
569749765,"Sensodyne Complete Protection Sensitivity Toothpaste for Sensitive Teeth, Extra Fresh, 3.4 ounces Twinpack",$10.24,206,36,8,0,0,2
532794165,"Crest 3D White Whitening Therapy Charcoal Deep Clean Fluoride Toothpaste, Invigorating Mint, 4.1 ounce",$6.97 - $11.97,262,73,8,3,2,2
106328128,"Colgate Max Fresh Toothpaste with Mini Breath Strips, Clean Mint - 6 Ounce (3 Pack)",$5.92,36,11,4,1,0,1
23814511,"Sensodyne Repair & Protect Extra Fresh Fluoride Toothpaste for Sensitive Teeth, 3.4 ounces",$5.72,36,44,6,2,0,1
38773089,"Sensodyne Pronamel Fresh Wave Fluoride Toothpaste to Strengthen and Protect Enamel, 8 ounces Twinpack (4 oz)",$5.72 - $10.24,36,163,45,14,5,5
398181015,"Sensodyne Pronamel Intensive Enamel Repair Extra Fresh Toothpaste for Enamel Strengthening, 3.4 ounces",$5.72,36,35,3,2,1,0
10311616,"Crest Cavity Protection Regular Toothpaste, .85 oz",$0.97,262,187,45,8,2,8
168822623,"Crest 3D White Luxe Glamorous White Whitening Toothpaste, Vibrant Mint, 4.8 oz",$7.32,50,214,65,25,7,11
38772378,"Aquafresh Cavity Protection Fluoride Toothpaste, Cool Mint, 5.6 ounce Twinpack (two 5.6oz tubes)",$2.98,262,31,7,0,1,1
661431001,"Colgate Total Toothpaste, Fresh Mint Stripe Gel, 4.8 oz. 2-pack",$4.96,36,108,33,5,7,56
233708144,"Crest 3D White, Whitening Toothpaste Radiant Mint, 4.1 oz, Pack of 2",$6.92,36,185,34,15,6,12
799122530,"Hello Fluoride Free Antiplaque and Whitening Toothpaste, Vegan & SLS Free, Natural Peppermint with Tea Tree Oil & Coconut Oil, 4.7oz",$3.97,206,144,42,12,4,14
563290858,"Colgate Total Whitening Toothpaste, Advanced Whitening, 5.1 oz. 2-pack- Paste",$6.96,36,172,82,31,16,209
510336166,"Crest Gum Detoxify Deep Clean Toothpaste, 4.1 oz",$6.97,262,510,123,29,9,11
38587645,"Sensodyne Complete Protection Fluoride Toothpaste for Sensitive Teeth, 3.4 ounces",$5.72,36,41,10,1,0,1
987715570,"Crest + Scope Complete Whitening Toothpaste, Minty Fresh, 5.4 oz",$2.58,262,119,29,6,5,14
908197301,"Crest Pro-Health Smooth Formula Toothpaste, Clean Mint Paste, 4.6 oz, Pack of 3",$6.97,36,15,4,0,0,0
170279342,"Crest Pro-Health Smooth Formula Toothpaste, Clean Mint Paste, 4.6 oz, Pack of 2",$4.99,36,14,3,1,0,0
670751520,"(2 pack) Crest Complete Whitening plus Scope Multi-Benefit Fluoride Liquid Gel Toothpaste, Minty Fresh, 4.6 Ounce",$4.94 - $7.41,36,145,32,7,5,14
653888327,"Rembrandt Intense Stain Whitening Toothpaste, Mint Flavor, 3.52-Ounce (2 Pack)",$11.89,36,28,4,1,0,1
26812577,"Biotene Fresh Mint Original Fluoride Toothpaste, 4.3 ounce",$6.33,262,49,10,7,3,5
589798006,"Colgate Total Toothpaste, Deep Clean, 5.1 oz. 2-pack - Paste",$6.96,36,193,73,20,8,40
207215864,"(Pack of 3) Crest Kid's Cavity Protection Toothpaste (children and toddlers 2+), Sparkle Fun Flavor, 4.6 ounces",$4.92,109,20,3,0,0,2
289197571,"Sensodyne Repair & Protect Whitening Sensitivity Toothpaste for Sensitive Teeth, 3.4 ounces Twinpack",$10.24,36,29,3,1,1,4
337777889,"Colgate Optic White Whitening Toothpaste, Sparkling White - 5 ounce (3 pack)",$10.96,31,16,3,2,0,0
10311747,Colgate Max Fresh Liquid Gel 2-in-1 Toothpaste and Mouthwash - 4.6 Ounce,$2.82 - $8.46,53,26,4,0,0,0
10316811,"Sensodyne Fresh Mint Sensitivity Toothpaste for Sensitive Teeth and Fresh Breath, 4 Ounce",$5.92,36,67,16,2,0,1
971287851,"Crest 3D White, Whitening Toothpaste Radiant Mint, 3.0 oz",$2.97,262,3,0,0,0,1
28442763,"Sensodyne Sensitivity Toothpaste for Sensitive Teeth, Fresh Mint, 4 ounce (Pack of 2)",$10.24,36,44,8,3,3,0
599561143,"Colgate Total Toothpaste, Clean Mint, 4.8 oz. 2-pack - Paste",$4.96,36,217,69,18,9,177
361263130,"Crest Pro-Health Advanced Gum Protection Toothpaste, 5.1 oz, Pack of 2",$3.92 - $6.97,206,94,26,15,5,11
958200779,"Crest 3D White, Charcoal Whitening Toothpaste, 4.1 oz",$3.97,471,44,9,2,0,2
632875553,"Hello Activated Charcoal Fluoride Whitening Toothpaste, With Fresh Mint and Coconut Oil, Vegan & SLS Free, 4oz",$4.82,262,90,9,3,2,4
828180888,Colgate Optic White Platinum Express White Whitening Toothpaste - 3 ounce (3 pack),$34.28,1,235,104,38,16,15
313948787,"Crest 3D White, Whitening Toothpaste Radiant Mint, 4.1 oz, Pack of 3",$9.97,36,185,34,15,6,12
16940390,"Aquafresh Extreme Clean Mint Blast Fluoride Toothpaste Twin Pack, 5.6 oz, 2 pack",$4.87 - $8.99,36,78,8,0,0,1
888936473,"Aquafresh Extra Fresh Plus Whitening Fluoride Toothpaste for Cavity Protection, 5.6 ounce (3 pack)",$2.50,36,19,6,0,0,1
10294069,"Listerine Essential Care Original Gel Fluoride Toothpaste, 4.2 oz",$7.57,262,180,31,3,2,4
696892178,"Sensodyne Rapid Relief Toothpaste for Sensitive Teeth, Mint, 3.4 Ounce",$5.72 - $10.98,262,48,11,1,1,2
124810189,"Sensodyne Sensitivity Toothpaste for Sensitive Teeth, Deep Clean, 4 ounce",$5.72,36,530,391,184,30,9
47826717,"Tom's of Maine Rapid Relief Sensitive Fluoride-Free Toothpaste, Fresh Mint, 4.0 oz",$4.83,36,48,15,5,8,11
314214598,"Sensodyne Pronamel Intensive Enamel Repair Clean Mint Toothpaste for Enamel Strengthening, 3.4 ounces",$5.72,36,14,5,3,0,0
532178213,"Sensodyne Rapid Relief Toothpaste for Sensitive Teeth, Extra Fresh, 3.4 Ounce",$5.92 - $10.98,36,30,7,3,1,2
569156416,"(2 pack) Crest Complete Whitening + Cinnamon Expressions Liquid Gel Toothpaste, Cinnamon Rush, 4.6 ounce",$2.47 - $7.41,206,99,6,4,0,1
143048753,"ARM & HAMMER PeroxiCare Toothpaste, Twin Pack (two 6.0 oz. tubes)",$5.44,1,69,10,7,2,16
20850557,"Arm & Hammer Sensitive Teeth & Gums Toothpaste, 4.5 oz",$3.12,36,141,41,3,2,9
34458819,"Sensodyne Pronamel Multi-Action Toothpaste Cleansing Mint, 4 Ounce",$5.92,36,103,25,9,1,3
32176877,"Colgate Sensitive Toothpaste, Whitening - Fresh Mint Gel Formula (6 ounce, Pack of 2)",$8.96,36,57,7,1,1,1
10311745,"Colgate 2-in-1 Kids Toothpaste & Anticavity Mouthwash, Watermelon Burst, 4.6 ounces",$3.66 - $7.03,206,18,6,0,1,1
182527465,"Crest + Scope Outlast Complete Whitening Toothpaste, Mint, 5.4 oz",$2.58,262,42,5,2,0,1
191694930,"Crest Pro-Health Smooth Formula Toothpaste, Clean Mint Paste, 4.6 oz",$2.97,262,76,29,17,15,17
10312275,"Colgate Sensitive Toothpaste, Whitening - Fresh Mint Gel Formula (6 ounce, Pack of 1)",$4.48,36,96,22,7,0,1
3392,"Sensodyne Sensitivity Toothpaste, Extra Whitening for Sensitive Teeth, 4 ounce",$5.72,36,49,16,3,1,2
10291028,"Arm & Hammer Complete Care Toothpaste, 6 oz.",$3.12 - $6.24,262,168,48,9,8,9
17341348,"Crest 3D White Whitening Toothpaste, Radiant Mint, .85 oz",$0.97,262,305,73,34,11,19
10316813,"Sensodyne Sensitivity Toothpaste, Whitening for Sensitive Teeth, 24/7 Full Protection, 4 ounce",$5.72,36,52,16,1,0,1
361895155,"Colgate Total Whitening Toothpaste, 4.8 oz.",$2.96,262,223,81,22,10,124
786345153,"Parodontax Bleeding Gums Toothpaste, Clean Mint, 3.4 Ounce (Pack of 3)",$5.92 - $39.62,36,37,7,3,2,2
49527315,"Hello Kids Fluoride Free Toothpaste, Vegan & SLS Free, Natural Watermelon, 4.2oz",$3.96,38,603,107,33,11,16
35764259,"Colgate Optic White Whitening Toothpaste, Sparkling White, 3.5 ounce",$4.01,434,38,14,4,1,1
34967577,"Crest 3D White Brilliance Advanced Whitening Technology + Advanced Stain Protection Toothpaste, Vibrant Peppermint, 4.1 oz",$6.97,471,248,145,41,12,5
775787730,"Crest 3D White, Whitening Toothpaste Arctic Fresh, 3.0 oz",$2.97,471,15,4,1,0,1
37840515,"Crest 3D White Brilliance Vibrant Peppermint Toothpaste, 4.1 oz, Pack of 2",$9.88,471,109,20,6,6,2
12167268,"Sensodyne Pronamel Gentle Whitening Fluoride Toothpaste to Strengthen and Protect Enamel, 4 ounces",$5.72,36,100,32,6,1,0
196878437,"Crest Pro-Health Advanced Deep Clean Mint Toothpaste, 5.1 oz",$3.92,262,196,79,54,24,38
49081563,"Colgate Kids Toothpaste Cavity Protection, Bubble Fruit, 4.6 ounces (2 Pack)",$2.94,206,9,4,0,0,0
49714962,"Colgate Cavity Protection Toothpaste with Fluoride, Great Regular Flavor - 2.5 Ounce",$0.94,206,6,4,0,0,0
205099626,"Crest 3D White, Whitening Toothpaste Radiant Mint, 4.1 oz",$3.92,262,185,34,15,6,12
130236716,"Crest Pro-Health Whitening Gel Toothpaste, 4.6 oz",$2.97,262,83,33,11,11,15
35764261,"Colgate Optic White Whitening Toothpaste, Enamel - 3.5 oz",$7.01,4614,44,15,4,1,3
10311746,"Colgate Max Fresh Toothpaste with Mini Breath Strips, Cool Mint - 6 Ounce",$2.34,262,57,11,1,1,4
665193833,"(2 pack) Orajel Nickelodeon Paw Patrol Fruity Fun Training Toothpaste 3 Months to 4 Years, 1.5 oz",$5.53 - $16.73,36,87,11,3,1,2
178707036,"Crest Kid's Cavity Protection Toothpaste (children and toddlers 2+), Sparkle Fun Flavor, 4.6 ounces, Pack of 2",$4.58,6,253,49,29,5,8
49714957,Colgate Cavity Protection Fluoride Toothpaste - 6 oz,$1.67 - $21.11,262,5,1,0,0,0
15610997,"Orajel My Little Pony Fluoride-Free Training Toothpaste, Pinkie Fruity, 1.5 oz.",$2.88 - $5.76,262,23,3,1,1,1
16680121,Tom's of Maine Anticavity Fluoride Silly Strawberry Toothpaste 4.2 oz Paste,$3.44,262,43,10,0,3,3
16627500,Tom's of Maine Antiplaque & Whitening Toothpaste Peppermint 5.5 oz,$4.74,262,110,18,2,1,7
35706534,"Colgate Sensitive Toothpaste, Prevent and Repair - Gentle Mint Paste Formula (6 ounce, Pack of 1)",$4.48,36,59,21,6,3,2
10311749,"Colgate Max Fresh Toothpaste with Mini Breath Strips, Clean Mint - 6 ounce",$2.34,262,75,14,1,0,1
38360591,"Aquafresh Extra Fresh + Whitening Fluoride Toothpaste Fresh Mint, 5.6 Oz",$1.58 - $3.34,262,19,6,0,0,1
413040726,(2 pack) ORAJEL,$2.47 - $4.94,206,179,25,5,0,2
10291034,"Arm & Hammer PeroxiCare Deep Clean Toothpaste, 6 oz.",$3.12,262,119,15,10,4,19
26965411,Tom's of Maine Silly Strawberry Fluoride-Free Toothpaste 4.2 oz Paste,$3.44,262,27,2,0,0,4
135816811,"AIM Cavity Protection Toothpaste, Ultra Mint Gel, 5.5 oz.",$0.85,262,6,2,0,0,3
10321237,"Crest Kid's Cavity Protection Toothpaste featuring Disney Princess, Bubblegum, 4.2 oz, Ages 3+",$2.50 - $7.50,38,252,43,15,6,3
250428988,"Crest Gum Detoxify Gentle Whitening Toothpaste, 4.1 oz",$6.97,262,92,42,11,3,0
618514971,"Crest 3D White, Whitening Toothpaste Arctic Fresh, 4.1 oz, Pack of 2",$6.92,471,5,0,0,0,0
10321543,Aquafresh Extreme Clean Whitening Action Mint Blast Fluoride Toothpaste 5.6 oz. Box,$2.38,262,27,4,0,0,1
10316819,Sensodyne Pronamel Toothpaste 4 oz,$5.92,36,89,17,7,4,6
196813554,Crest Pro-Health Advanced Sensitive & Enamel Shield Toothpaste 5.1oz,$3.92,262,54,36,15,1,9
45098523,"Colgate Kids Toothpaste with Anticavity Fluoride, Minions™, 4.6 ounces",$2.96 - $5.92,206,22,7,4,1,0
895353,Aquafresh Maximum Strength* Sensitive Smooth Mint Toothpaste 5.6 oz. Box,$2.77 - $14.96,262,71,7,3,3,3
49081522,Colgate Optic White High Impact White Whitening Toothpaste - 3 ounce,$4.96,41,378,195,73,35,29
36073552,"Colgate My First Baby and Toddler Toothpaste, Fluoride Free, 1.75 ounces",$2.94,262,2,1,1,0,1
151528591,"Colgate Kids Toothpaste with Anticavity Fluoride, Trolls™, 4.6 ounces",$2.96 - $5.92,206,2,1,0,0,0
246337796,"Crest Kid's Anticavity Cavity Protection Fluoride Toothpaste, Strawberry Rush, 4.2 oz",$6.32,262,982,117,22,6,12
49463634,"Crest 3D White Arctic Fresh Whitening Toothpaste, Icy Cool Mint, 3.5 oz",$2.82,262,535,161,34,6,5
415627932,"Colgate Total Toothpaste, Clean Mint, 4.8 oz. - Paste",$2.96,262,217,69,18,9,177
20657311,"Colgate Kids Toothpaste Cavity Protection, Bubble Fruit, 2.7 Ounces",$0.94,262,1,0,1,0,0
633172740,"Colgate Total Whitening Toothpaste Gel, 4.8 oz.",$2.96,262,110,36,7,2,24
283597388,"Burt's Bees Kids Toothpaste, Fluoride Free, Fruit Fusion, 4.2 oz",$2.97 - $5.94,262,101,28,5,3,2
49714963,"Colgate Triple Action Fluoride Toothpaste Original Mint, 6.0 Oz",$1.67,262,6,3,0,0,0
391004320,"Crest Kid's Toothpaste with Fluoride and Cavity Protection, Bubblegum Rush, 4.2 oz",$2.36,163,47,3,1,0,0
49463631,"Crest 3D White Whitening Toothpaste, Radiant Mint, 3.5 oz",$2.97,262,22,3,2,0,1
529826900,"Hello Activated Charcoal Fluoride Free Whitening Toothpaste, Vegan & SLS Free, 4.0oz",$4.82 - $13.55,262,1145,314,117,69,99
689397126,Colgate MaxFresh KnockOut Toothpaste Mint Fusion - 6.0 Ounce (3 Pack),$5.96,36,28,3,0,1,1
881603334,"Colgate Total Toothpaste, Fresh Mint Stripe Gel, 4.8 oz.",$2.96,262,8,9,1,2,7
231730593,"Hello Naturally Whitening Fluoride Toothpaste, Farm Grown Mint With Tea Tree Oil & Coconut Oil, Vegan & SLS Free, 4.7oz",$3.97,262,122,33,10,4,5
959192244,"Crest Gum Detoxify Deep Clean Toothpaste, 4.1 oz (Pack of 2)",$11.44,36,50,6,1,0,1
128228395,"Colgate Baking Soda and Peroxide Whitening Toothpaste, Brisk Mint - 6 Ounce",$10.02,262,7,3,0,1,0
10402656,"Ultra Brite Baking Soda and Peroxide Whitening Toothpaste, Clean Mint - 6 oz",$1.62,24,2,0,0,0,0
267980256,"Crest 3D White, Whitening Toothpaste Arctic Fresh, 4.1 oz, Pack of 3",$9.97,471,14,2,0,0,0
611870390,"Colgate Total Whitening Toothpaste, Advanced Fresh + Whitening Gel, 5.1 oz. 2-pack",$6.96,206,209,87,19,6,79
200107110,Colgate Optic White High Impact White Whitening Toothpaste - 3 ounce (2 pack),$2.00,471,42,43,10,1,4
549076728,"Crest Gum & Enamel Repair Toothpaste, Advanced Whitening, 4.1oz",$6.97,262,97,25,4,5,2
35764256,"Colgate Optic White Whitening Toothpaste, Icy Fresh - 3.5 ounce",$3.96,471,43,12,5,1,2
594023750,"Crest + Deep Clean Complete Whitening Toothpaste, Effervescent Mint, 5.4 oz, Pack of 2",$4.82,54,14,1,0,0,2
852711120,"Colgate Optic White Whitening Toothpaste, Icy Fresh - 5.0 Ounce (2 Pack)",$4.00,471,37,10,3,1,1
318769264,"Crest Gum & Enamel Repair Toothpaste, Intensive Clean, 4.1oz",$6.97,262,103,25,7,4,1
183868527,"Crest 3D White Whitening Therapy Enamel Care Fluoride Toothpaste, 4.1 oz",$5.00,471,68,22,1,3,2
724146429,"Colgate Maxiumum Cavity Protection Kids Toothpaste Pump, Batman, 4.4 ounces",$3.96,262,6,0,0,0,0
715478462,"Crest Pro-Health Advanced Deep Clean Mint Toothpaste, 5.1 oz, Pack of 2",$6.97,36,4,0,1,0,0
45103551,"Crest 3D White Brilliance + Whitening Two-step Toothpaste, 4.0 oz and 2.3 oz",$12.96,471,2267,1726,672,235,112
784892394,"Colgate Total Whitening Toothpaste, 4.8 oz. 3-pack",$7.27,36,223,81,22,10,124
55322901,"Colgate Optic White Travel Size Whitening Toothpaste, Sparkling Mint - 1.7 oz",$1.97,262,34,9,3,1,1
461865283,"Sensodyne Pronamel Mint Essence Fluoride Toothpaste to Strengthen and Protect Enamel, 4 ounces Twinpack",$10.24,36,95,32,12,4,4
913848860,"Burt's Bees Toothpaste, Fluoride Free, Purely White, Zen Peppermint, 4.7 oz",$4.97,471,111,28,4,3,3
791833595,"Colgate Total Whitening Toothpaste, Advanced Fresh + Whitening Gel, 5.1 oz.",$3.96,262,45,19,6,1,10
178605039,"Sensodyne Pronamel Strong & Bright Extra Fresh Fluoride Toothpaste to Strengthen and Protect Enamel, 3 ounce",$4.65,36,34,5,5,5,3
26968875,"Cavity Zapper Fluoride Toothpaste, Not Yucky Grape, 5 Oz Tube",$5.36,38,7,1,0,0,0
633442710,"Crest 3D White Stain Eraser, Whitening Toothpaste Icy Clean Mint, 3.5 oz, Pack of 2",$4.97,54,44,10,3,1,0
281243942,"Colgate Essentials Charcoal Teeth Whitening Toothpaste, 4.6 oz (2 Pack)",$4.96 - $13.59,36,33,10,0,2,0
15754345,"Sensodyne Pronamel Gentle Whitening Fluoride Toothpaste to Strengthen and Protect Enamel, 0.8 ounces Trial Size",$5.88 - $7.45,262,63,21,3,1,2
438390992,"Crest 3D White Brilliance Vibrant Peppermint Toothpaste, 4.1 oz, Pack of 3",$13.74,471,102,19,6,3,2
49714960,"Colgate Sparkling White Whitening Toothpaste, Cinnamint - 6.0 Ounce",$1.67,471,1,0,0,0,0
49081526,"Colgate Baking Soda and Peroxide Whitening Toothpaste, Brisk Mint - 8 Ounce (3 Pack)",$3.96 - $7.68,36,90,7,3,1,1
957605400,"Crest 3D White Brilliance Blast Whitening Toothpaste, Energizing Mint, 4.1 oz",$6.97 - $10.97,262,34,3,6,0,2
35764257,"Colgate Optic White Whitening Toothpaste, Sparkling White - 3.5 ounce (2 pack)",$6.96,329,66,15,4,2,5
147235639,"Crest Pro-Health Advanced Gum Protection Toothpaste, 3.5 oz, Pack of 2",$2.97,206,101,33,16,5,9
19407650,"Orajel Daniel Tigers Neighborhood Fluoride-Free Training Toothpaste & Toothbrush Combo Pack, Fruity Stripes, 1.0oz",$3.97,53,17,1,2,0,0
183243777,"Colgate Total Whitening Toothpaste Gel, 4.8 oz. 2-pack",$4.96,36,110,36,7,2,24
120895154,Biotne Gentle Formula Gentle Mint Toothpaste 4.3 Oz Box,$6.33,262,13,2,1,0,16
845641496,"Crest Pro-Health Advanced Deep Clean Mint Toothpaste, 5.1 oz, Pack of 3",$9.97,36,16,1,1,0,0
100418089,Colgate Optic White Radiant Whitening Toothpaste - 3 ounce,$3.50,329,262,93,30,6,3
23814510,"Sensodyne Repair & Protect Fluoride Toothpaste for Sensitive Teeth, 3.4 ounces",$6.86,38,64,12,1,1,6
49913307,"Crest 3D White Arctic Fresh Whitening Toothpaste, Icy Cool Mint, 4.8 oz (Pack of 2)",$5.58 - $9.97,36,537,160,32,7,3
146656230,"Crest Pro-Health Advanced Deep Clean Mint Toothpaste, 3.5 oz",$2.97,262,196,79,54,23,39
212386629,"Colgate Total Whitening Toothpaste Gel, 4.8 oz. 3-pack",$7.27,36,110,36,7,2,24
748296080,"(4 pack) Arm & Hammer Advance White Extreme Whitening Baking Soda and Peroxide Toothpaste, 6 Oz",$10.88,36,61,11,4,2,4
690170074,"Crest Pro-Health with a Touch of Scope Whitening Toothpaste, 4.6 oz, Pack of 2",$4.97,162,42,12,0,2,0
19407649,"Orajel My Little Pony Fluoride-Free Training Toothpaste & Toothbrush Combo Pack, Pinkie Fruity, 1 oz.",$3.97,329,17,1,3,0,0
122568506,"Crest Pro-Health Advanced Whitening Power Toothpaste, 5.1 oz",$3.92,115,94,60,8,4,3
954265656,"Crest 3D White, Whitening Toothpaste Stain Shield, 4.1 oz",$3.97,329,39,9,0,0,2
16940660,"TheraBreath Dentist Recommended Fresh Breath Toothpaste, 4 oz",$7.42,36,106,16,2,2,3
16564840,"Colgate Max Clean with Whitening Foaming Toothpaste, Effervescent Mint - 6 oz",$2.47,262,13,5,1,0,0
115798980,"Sensodyne Pronamel Strong & Bright Mint Fluoride Toothpaste to Strengthen and Protect Enamel, 3 ounce",$3.58,52,10,1,0,0,1
700896516,"Colgate Total Whitening Gel Toothpaste, 4.8oz 4pk",$18.59,36,110,36,7,2,24
129459877,"Rembrandt Deeply White + Peroxide Whitening Toothpaste, Fresh Mint Flavor, 2.6-Ounce (2 Pack)",$10.97,36,38,14,7,2,9
107761146,"Colgate Maximum Cavity Protection Kids Toothpaste Pump, Wonder Woman, 4.4 ounces",$3.96,262,2,0,0,0,0
303741573,"(2 pack) Fresh 'N Brite Denture Toothpaste, 3.8 oz",$5.94,36,31,3,0,0,0
123174991,Colgate MaxClean SmartFoam Toothpaste Effervescent Mint - 6.0 Ounce (3 Pack),$5.96,36,13,5,0,0,0
756904117,"Crest Pro-Health Gum and Sensitivity, Sensitive Toothpaste, All Day Protection, 4.1 oz",$6.97,262,50,5,0,0,1
49913249,"ARM & HAMMER Truly Radiant Clean & Fresh Toothpaste, 4.3OZ",$3.49 - $13.96,262,3635,828,124,16,11
536227776,"Colgate Optic White Whitening Toothpaste, Icy Fresh - 3.5 ounce (2 pack)",$3.00,329,37,10,3,1,1
783082879,"Firefly LOL Surprise Kids' Smile Toothpaste, Toothbrush and Mouthwash Gift Pack",$9.88,56,53,2,0,1,0
531086898,"Burt's Bees Toothpaste with Fluoride, Enamel Care, Mountain Mint, 4.7 oz",$2.50,262,220,52,6,6,6
744678379,"Crest Pro-Health Whitening Power Toothpaste, 4.6 oz, Pack of 3",$6.97,115,5,1,0,0,0
866338008,SmartMouth Premium Toothpaste  3.4oz,$6.72,262,12,1,0,0,0
254262904,"Schmidt's Activated Charcoal with Wondermint Toothpaste, 4.7 oz",$4.79,206,125,49,21,14,8
400220351,"Crest 3D White, Whitening Toothpaste Deep Clean, 4.1 oz, Pack of 2",$6.97,329,42,11,1,0,0
16935625,"Crest Cavity Protection Regular Toothpaste, 6.4 oz, Pack of 3",$2.50,36,14,0,0,1,1
202444899,"Crest Pro-Health Gum Detoxify + Whitening Two- Step Toothpaste, 4.0 and 2.3 oz",$12.80,262,2453,2010,901,282,141
629174582,"Crest Pro-Health Advanced Gum Protection Toothpaste, 5.1 oz, Pack of 3",$10.49,151,3,0,0,0,0
465518068,"Crest Pro-Health Gum and Sensitivity, Sensitive Toothpaste, Gentle Whitening, 4.1 oz",$6.97,262,35,11,2,0,0
10316814,"Sensodyne Tartar Control plus Whitening Fluoride Toothpaste for Sensitive Teeth, 4 ounces",$5.69,36,32,7,0,0,0
26965370,Tom's Of Maine Peppermint Baking Soda Toothpaste With Fluoride (5.5 Oz),$11.38,206,14,0,0,0,0
166425880,"Tom's of Maine Antiplaque & Whitening Fluoride-Free Toothpaste, Peppermint, 5.5 Ounce, Pack of 2",$14.09,206,15,1,2,0,0
254747556,"Colgate Total Toothpaste, Clean Mint, 4.8oz 4pk",$24.37,36,201,63,13,8,173
10312168,"Crest Tartar Protection Whitening Cool Mint Flavor Toothpaste, 6.4 oz",$1.96 - $17.32,262,12,9,3,0,1
858046241,"Colgate Total Toothpaste, Clean Mint, 4.8 oz. 3-pack - Paste",$7.27,36,217,69,18,9,177
143808460,"My Magic Mud Activated Charcoal Toothpaste, All Natural Whitening Toothpaste, Detoxifying Oral Care, Peppermint, 4 oz.",$7.97,329,656,297,115,52,30
666267496,Tom's Of Maine Silly Strawberry Anticavity Toothpaste 3 Pack,$9.87,36,37,11,0,3,3
47932060,"Sensodyne Sensitive Teeth Whitening, True White Mint, Sensitivity Toothpaste, 3 ounce",$5.98,36,52,15,6,2,1
364485081,Sensodyne Rapid Relief Extra Whitening Toothpaste with Flouride 3.4oz,$5.72,206,4,0,0,0,0
818762042,"Rembrandt Intense Stain Whitening Toothpaste with Fluoride, Mint Flavor - 3.5 oz",$5.97,262,28,4,1,0,1
586178344,"Crest 3D White Whitening Therapy Toothpaste, Spearmint Oil, 4.1 oz",$3.50,329,397,162,55,33,17
578682174,"Crest Pro-Health Gum and Sensitivity, Sensitive Toothpaste, Gentle Cleaning, 4.1 oz",$6.97,262,41,5,0,0,0
233446673,"Crest Gum Detoxify Deep Clean Toothpaste, 4.1 oz., Pack of 3",$14.49,45,209,43,10,1,7
216576682,"Colgate Sensitive Toothpaste, Whitening - Fresh Mint Gel Formula (6 ounce, Pack of 3)",$24.54,1,96,22,7,0,1
104484308,"Dr. Bronner's Peppermint Toothpaste, 5 oz",$5.89,13,16,3,0,1,0
873805585,(4 Pack) Crest Tartar Control Fresh Mint Flavor Liquid Gel Toothpaste 6.4 Oz,$7.84,36,16,2,0,0,1
640110645,"Crest 3D White Whitening Therapy Gentle Care Coconut Oil Fluoride Toothpaste, Smooth Mint, 4.1 ounce",$3.50,262,44,10,1,0,1
26965332,Tom's of Maine Anitplaque & Whitening Toothpaste - Spearmint 5.5 oz Paste,$8.47,262,35,3,0,0,1
191716396,"Colgate Total Toothpaste, Daily Repair, 5.1 oz. - Paste",$11.40,262,18,4,2,1,1
612619186,"Schmidt's Wondermint Toothpaste, 4.7 Oz",$2.50,262,14,1,1,0,1
903148236,"(2 pack) Crest Complete Multi-Benefit Whitening Minty Fresh Flavor Liquid Gel Toothpaste, 4.6 oz",$4.98,206,128,34,7,5,14
49913789,CloSYS Fluoride Toothpaste 3.4 Oz,$6.83,262,10,1,0,0,1
454084630,"Colgate Essentials with Coconut Oil Toothpaste, 4.6 ounce",$2.50,206,18,9,1,0,0
950120140,"(2 pack) Crest Complete Multi-Benefit Whitening + Cinnamon Expressions Toothpaste, Cinnamon Rush, 6.0 ounce",$5.16,206,1,0,0,0,0
428615658,Tom's Of Maine Silly Strawberry Fluoride Free Toothpaste 3 Pack,$9.67,54,9,0,0,0,1
26965410,Tom's of Maine Children's Outrageous Orange Mango 4.2oz,$12.99,262,23,7,3,1,4
49527313,"Hello Kids Fluoride Toothpaste, Blue Raspberry, Vegan & SLS Free, 4.2oz",$7.98,262,39,1,1,1,0
257683159,"Crest 3D White Stain Eraser, Whitening Toothpaste Icy Clean Mint, 3.5 oz",$2.97,262,39,9,1,1,0
520994821,(4 pack) ARM & HAMMER PeroxiCare Toothpaste,$10.44,36,9,2,0,0,0
553788780,"Rembrandt Deeply White + Peroxide Whitening Toothpaste, Fresh Mint Flavor, 3.5 oz",$5.97,262,40,15,5,2,13
133774200,"Crest Complete Whitening + Scope Toothpaste, Minty Fresh, 6.2 oz Pack of 3",$6.52,89,2106,584,126,37,34
590580992,"Colgate Max Clean with Whitening Foaming Toothpaste, Effervescent Mint - 6 Ounce (4 Count)",$35.59,36,16,4,0,0,1
554769200,"Burt's Bees Toothpaste with Fluoride, Extra White, Zen Peppermint, 4.7 oz",$6.47,329,41,8,1,0,0
41737125,"Crest HD Sensitive + Whitening Two-Step Toothpaste, 4.0 oz and 2.3 oz Tubes",$12.96,262,4891,4028,1812,561,272
34967580,"Crest Sensitivity Plus Scope Whitening Sensitive Toothpaste, 4.1 oz",$9.84,471,126,26,7,6,8
49932571,"Sunstar GUM Crayola Squeeze-A-Color Tropical Twist Anti-cavity Fluoride Toothpaste, 4.2 oz",$7.32,471,7,3,4,5,21
301427834,Dental Expert Activated Charcoal Teeth Whitening Toothpaste [Coconut Oil] Kids & Adults - Destroys Bad Breath - Natural Vegan Black Tooth Paste Whitener [FREE Charcoal Toothbrush & Tongue Cleaner],$22.32,471,20,6,2,0,1
50650935,"Crest + Scope Complete Whitening Toothpaste, Minty Fresh, .85 oz",$3.94,89,122,30,7,5,24
26965371,"Tom's Of Maine Cavity Protection Fluoride Toothpaste Spearmint, 5.5 OZ",$4.31,6,5,1,0,0,0
639255122,"(2 pack) Colgate Kids 2-in-1 Toothpaste and Mouthwash, Strawberry - 4.6 oz",$6.89,206,13,2,1,3,0
809999926,"Firefly Shopkins Kids Toothbrushes, Toothpaste and Mouthwash Oral Care Holiday Gift Set",$9.88,56,1,0,0,0,0
26965305,"Tom's of Maine Natural Fluoride-Free Antiplaque & Whitening Fennel Toothpaste, 5.5 oz",$4.93,26,19,2,0,0,3
420115636,"The Natural Dentist Charcoal Whitening Fluoride-Free Toothpaste, Cocomint, 5 Oz Tube",$2.52,471,7,1,3,0,1
49714959,"Colgate Tartar Protection Toothpaste with Whitening, Crisp Mint - 6.0 Ounce",$2.49,167,3,0,0,0,0
43888290,"ARM & HAMMER Rejuvenating Truly Radiant Toothpaste, 4.3 oz.",$15.70,206,2201,527,77,25,15
16627499,Tom's of Maine Wicked Fresh Toothpaste Cool Peppermint - 4.7 oz,$4.88,26,2,1,1,0,0
26965593,"Tom's Of Maine Propolis & Myrrh Toothpaste Fluoride-Free Cinnamint, 5.5 OZ",$9.05,206,9,1,0,0,0
733565366,"Schmidt's Coconut Lime Toothpaste, 4.7 oz",$2.50,206,13,7,1,1,0
26965594,"Tom's of Maine Propolis & Myrrh Toothpaste with Fluoride Fennel, 5.5 OZ",$4.89 - $8.57,206,8,2,1,0,0
43190597,"Philips Sonicare BreathRx Antibacterial Mouth Rinse, 16 Oz",$9.87,206,22,0,0,0,0
149725206,Colgate Optic White High Impact White Whitening Toothpaste - 3 ounce (3 pack),$30.44,1,16,9,2,0,4
848546286,"Colgate Total Whitening Toothpaste, 4.8oz 4pk",$30.48,206,223,81,22,10,124
182203681,CloSYS Fluoride Free Toothpaste 3.4 Oz,$6.83,206,5,0,1,0,0
317420047,"Pepsodent Complete Care Anticavity Fluoride Toothpaste, Original, 5.5 oz each, 6 Count- pack of 6",$5.58,206,1,0,1,0,3
336602611,"Tom's of Maine Charcoal Fluoride Free Toothpaste, 4.7oz",$5.79 - $12.88,206,65,10,0,0,1
26965654,"Tom's of Maine Fluoride Toothpaste Natural Simply White Sweet Mint Gel, 4.7 OZ",$4.79,447,7,3,0,0,0
16627498,NEW Simply White-Clean Mint Tom's Of Maine 4.7 oz Gel,$4.93,447,84,60,12,16,20
43771085,"Tom's of Maine Enamel Strength Toothpaste, Peppermint, 4oz",$4.93,26,3,1,0,0,0
14284564,"Crest Complete Multi-Benefit Whitening + Scope Outlast, Mint Toothpaste, 5.8 Oz",$2.58,206,68,13,2,0,1
606348637,"(2 pack) Sensodyne Fresh Mint Sensitivity Toothpaste for Sensitive Teeth and Fresh Breath, 4 Ounce",$10.98,206,212,67,6,3,3
192732266,"Dr. Bronner's Cinnamon Toothpaste, 5 oz",$5.89,206,8,3,1,1,0
43711290,"Sensodyne Pronamel Gentle Whitening Fluoride Toothpaste to Strengthen and Protect Enamel, 2.7 ounces",$5.30,139,55,21,3,1,1
848109636,"Colgate Optic White Platinum Stain-Less White Toothpaste - 3.0 ounce, Pack of 2",$7.96,31,8,6,0,0,0
748785969,"Parodontax Whitening Toothpaste for Bleeding Gums, 3.4 Ounce (Pack of 3)",$33.98,206,8,3,0,0,1
236454511,(2 Pack) Tom's of Maine Simply White Toothpaste Clean Mint - 4.7 oz,$8.70,206,278,113,17,19,20
34880939,"Luster Power White Pro Deep Stain Eraser Anticavity Fluoride, Enamel-Safe & Effective Professional Teeth Whitening Toothpaste, Mint, 4 oz",$8.99,115,15,3,1,0,2
920752897,Colgate Total Advanced Whitening Toothpaste 8oz 226g 4-pack,$24.21,206,7,0,1,1,1
381696151,"Crest Kid's Cavity Protection Toothpaste Pump featuring Disney's Frozen, Blue Bubblegum, 4.2 oz, Ages 3+",$6.94,94,42,6,0,1,2
138381804,"Hello Sensitivity Relief SLS Free Toothpaste with Fluoride, Soothing Mint with Coconut Oil, Vegan & SLS Free, 4oz",$3.42 - $6.76,206,117,24,15,13,11
669953247,"Colgate Sensitive Toothpaste, Prevent & Repair - Gentle Mint Paste Formula (6 ounce, Pack of 3)",$32.99,1,42,19,5,3,1
778890116,"Tom's of Maine Charcoal Anticavity Toothpaste, 4.7oz",$10.27,206,32,2,0,0,0
10794704,Baby Orajel Gel & Finger Toothbrush Mixed Fruit Tooth & Gum Cleanser .7 Oz Peg,$7.40,206,330,43,10,0,2
26965278,"Tom's of Maine Wicked Fresh! Fluoride Toothpaste, Spearmint Ice, 4.7 Oz",$13.86,206,7,0,0,0,1
504686470,Opalescence Whitening Toothpaste Cool Mint with flouride 4.7oz (2pack),$18.50,206,4,0,0,0,0
37168418,"Petrodex Enzymatic Toothpaste for Dogs Poultry Flavor, 6.2 Ounces",$12.99,51,20,1,0,2,0
26965334,"Tom's of Maine Botanically Bright Peppermint Whitening Toothpaste, 4.7 oz",$5.79 - $11.12,206,25,5,6,0,0
46022524,Crest Tartar Protection Whitening Cool Mint Flavor Toothpaste 8.2 Oz,$2.79,50,4,3,0,0,1
614152438,"Colgate Optic White Whitening Toothpaste, Sparkling Mint - 5 oz (3 Pack)",$14.18,31,8,1,0,0,2
45022353,Crest Toothpaste Gel Cool Mint 6.40 oz (Pack of 3),$12.15,818,1,0,0,0,1
46300785,Sunstar GUM Rincinol P.R.N. 4 Oz. Mouth Sore Rinse,UNKNOWN,206,26,7,0,1,4
610837151,"Crest 3D White Advanced Whitening Toothpaste 6oz (170g), 5-pack",$24.99,248,3,0,0,0,0
104089843,Activated Charcoal Tooth Powder,$11.97,206,83,27,6,2,1
644445681,"Colgate Max Fresh Toothpaste with Mini Breath Strips, Cool Mint - 7.6 Ounce (3 Pack)",$8.84,53,23,4,0,1,4
48083416,"ACT Advanced Care Plaque Guard Antigingivitis/Antiplaque Mouthwash, Clean Mint, 18 Oz",$5.52,206,231,115,43,0,0
104204495,"Crest Complete Whitening + Scope Toothpaste, 5 Ct, 5.8 Oz",$39.95,206,184,35,8,5,16
290993285,"Colgate MaxFresh Toothpaste, Cool Mint (7.6 oz., 5 pk.)",$9.99,53,11,1,0,0,0
589068531,"Hello Activated Charcoal + Hemp Fluoride Free Toothpaste, Vegan & SLS Free, 4oz",$5.99,206,70,32,3,1,1
781242647,"Tom's of Maine Whole Care Toothpaste, Peppermint, 4.0oz 3 Pack",$14.97,53,9,0,0,0,0
188380514,"6 Pack - Aquafresh Maximum Strength Sensitive + Gentle Whitening Toothpaste, Smooth Mint 5.6 oz",$27.17,172,5,0,0,0,0
816160901,"Crest 3D White, Charcoal Whitening Toothpaste, 4.1 oz, Pack of 3",$10.49,89,44,9,2,0,2
48088630,GUM Butlerweave Floss Mint Waxed 200 yd,$5.89 - $17.61,206,22,2,0,2,5
872796005,"Aquafresh Maximum Strength Sensitive + Gentle Whitening Toothpaste, Smooth Mint 5.6 oz",$8.59,196,5,0,0,0,1
410455879,"Tom's of Maine Rapid Relief Sensitive Natural Toothpaste, Fresh Mint, 2 Pack",$23.88,1,23,10,3,5,10
26965260,"JASON Sea Fresh Strengthening Fluoride-Free Toothpaste, 6 Ounce Tube",$10.98,206,43,6,0,0,2
366071108,"Opalescence Whitening Toothpaste, Cool Mint with Fluoride, 4.7 oz",$10.75,206,3,0,1,0,1
26965625,"Tom's of Maine Toothpaste Spearmint Natural Fluoride-Free Propolis & Myrrh, 5.5 OZ",$5.79 - $15.99,206,35,3,1,1,0
46238274,Close-Up Toothpaste Gel Cinnamon Red 8 oz (Pack of 3),$14.32,109,3,0,0,0,0
588183137,"Tom's of Maine Sea Salt Toothpaste, 4.7oz",$5.79,206,31,5,1,0,0
26968726,"The Natural Dentist All In One Fluoride Toothpaste with Aloe, Peppermint Twist, 5 Ounce Tube",$5.36,206,4,2,1,0,0
267328757,"Sensodyne Pronamel Mint Essence Fluoride Toothpaste to Strengthen and Protect Enamel, 4 ounces (Pack of 3)",$37.01,206,1,0,0,0,0
34013736,Fresh Breath by TropiClean Dog Clean Teeth Oral Care Gel,$7.99 - $21.49,238,4,1,1,1,0
26965369,"Tom's Of Maine Botanically Bright Toothpaste, Spearmint, 4.7 Ounce",$4.97,206,6,0,0,0,0
511547761,Stain Removal Whitening Toothpaste Fight Bleeding Gums Toothpaste,$9.88,206,1,1,1,0,1
35788888,"Kid's Spry Strawberry Banana Tooth Gel with Xylitol, 2 oz",$4.78,206,0,1,0,0,0
197940626,"Spry Xylitol And Aloe Anti-Plaque Toothpaste, Spearmint, 4 Oz",$4.84,6,4,3,0,1,1
921432139,"Tom's of Maine Toddler Toothpaste and Toothbrush, Mild Fruit",$7.20,54,1,0,0,0,0
413682059,"Tom's of Maine Luminous White Toothpaste, Clean Mint, 4.0oz 3 Pack",$34.26,471,15,3,1,0,1
415441519,"Tom's Toddler Training Fluoride-Free Gel, 1.75oz, 3 Pack",$8.44,1079,23,3,1,2,2
55335251,"Crest 3D White Luxe Diamond Strong Whitening Toothpaste, Brilliant Mint, 4.8 oz",$4.74,50,47,9,1,4,4
26965692,"Earth's Best Toothpaste, Strawberry & Banana, 1.6 oz. Tube",$10.23,206,3,0,0,0,0
773425675,"Kid's Crest Cavity Protection Bubblegum Flavor Toothpaste Gel Formula, 4.2 oz",$6.89,29,4,0,0,0,0
699064852,"Polident Dentu-Creme Denture Toothpaste, 3.9 Oz Each",$7.73,128,1,0,0,0,0
170339596,"Kid's Spry Original Tooth Gel with Xylitol, 2 oz",$10.60,206,8,0,0,0,0
349676711,Colgate Essentials Daily Toothbrush + Toothpaste with Charcoal,$7.69,45,1,0,0,0,0
727318200,(4 Pack) Arm & HammerÂ® Sensitive Whitening Toothpaste with Baking Soda & Tartar Control 4.5 oz. Box,$12.48,206,58,18,1,2,5
684021470,hello organic apple toddler training toothpaste,$3.88,5,140,17,1,2,1
422066326,"Luster Premium AM/PM Enamel-Safe & Effective Professional Teeth Whitening Dual Toothpaste, Mint, 4 oz",$9.73,206,3,0,0,0,0
142924183,"3 Pack - Polident Dentu-Creme Denture Toothpaste, 3.9 Oz Each",$15.28,128,8,1,0,0,1
46232883,Close-Up Toothpaste Gel Cinnamon Red 8 oz (Pack of 6),$22.96,109,1,1,0,0,0
656471123,2 Pack - Crest 3D White Luxe Diamond Strong Toothpaste 3.5 oz,$14.13,45,41,7,1,4,4
776082173,"Sensodyne Rapid Relief Sensitivity Toothpaste, Extra Fresh, 3.4 ounce (Pack of 3)",$34.98,206,11,5,0,0,1
42386905,"Crest Kids Cavity Protection Toothpaste featuring STAR WARS, Minty Breeze, 4.2 oz, Ages 6+",$5.98,206,293,36,16,0,1
54218106,"Colgate Kids Powered Toothbrush, Toothpaste Pack - Trolls",$6.05,206,5,0,0,0,0
48664018,Glide Pro-Health Advanced Floss Picks 30 Ea (Pack of 4),$15.79,818,1,0,0,0,0
46234298,Dr. Katz Perio Therapy Gum Care Gel Toothpaste 3.50 oz (Pack of 3),$12.33,25,34,4,0,0,1
189047264,"SmartMouth Premium Zinc Ion Toothpaste, Mild Mint 6 oz",$10.08,206,5,0,0,1,0
44722085,Pepsodent Complete Care Toothpaste Original Flavor 6 oz (Pack of 2),$9.25,206,1,0,0,0,0
260382849,"24HR Bad Breath Prevention, SmartMouth Original Activated Dual-Solution Fresh Breath Rinse and Premium Toothpaste",$25.30,206,2,0,0,0,0
273773652,"4 Pack - Close-Up Fluoride Toothpaste, Freshening Red Gel 4 oz",$11.35,109,1,0,0,0,0
190905837,"Crest Pro-Health Advanced Sensitive & Enamel Shield Toothpaste, 3.5 oz",$3.33,107,51,35,15,1,9
260065006,"Primal Life Organics Dirty Mouth Toothpowder, Peppermint, 1 oz",$10.99,3,3,1,0,0,0
397606690,"Colgate Sensitive Toothpaste, Lasting Fresh, 6 ounce",$4.98,60,13,2,0,1,0
46065792,"Colgate 2-in-1 Whitening Toothpaste Gel and Mouthwash, Icy Blast - 4.6 Ounce",$8.56,206,1,0,0,0,0
171660657,"Crest Pro-Health Sensitive & Enamel Shield Toothpaste, 4.6 oz",$2.97,206,44,17,9,5,12
639932088,Elgydium Whitening Toothpaste 75ml,$10.99,206,1,0,0,0,0
564604141,"4 Pack - Crest 3D White Vivid Fluoride Anticavity Toothpaste, Radiant Mint  0.85 oz",UNKNOWN,206,189,34,16,7,12
204711423,"Listerine Essential Care Toothpaste, Powerful Mint Gel, 4.2-Ounce Tubes (Pack of 4)",$24.51,220,72,12,1,2,1
528977428,"(2 pack) Sensodyne Sensitivity Toothpaste, Extra Whitening for Sensitive Teeth, 4 ounce",$10.98,206,94,34,4,2,2
17167870,Crest Complete Whitening + Deep Clean Effervescent Mint Toothpaste (Choose Count),$9.25,206,29,10,6,1,6
740173183,"Crest Kid's Cavity Protection Toothpaste Pump (children and toddlers 2+), Sparkle Fun Flavor, 4.2 ounces",$3.47,147,47,4,2,0,1
46120290,"Colgate Gel-Kam Fluoride Preventative Fruit & Berry Flavor Treatment Gel, 4.3 Oz.",$14.99,206,5,0,0,0,0
48664159,Pepsodent Complete Care Toothpaste Original Flavor 6 oz (Pack of 4),$11.07,1,1,1,0,0,0
26960944,"Desert Essence Natural Tee Tree Oil Fluoride-Free Toothpaste, Fennel, 7 Oz",$9.58,206,44,9,0,1,0
49657187,"Now XyliWhite Fluoride Free Toothpaste, Neem & Tea Tree, 6.4 Oz",$8.25,206,2,0,0,0,0
380497526,"2 Pack - Crest Whitening Plus Scope Toothpaste Liquid Gel, Minty Fresh 4.60 oz",$11.36,206,119,30,6,5,14
106017495,"Crest Pro-Health Advanced Gum Protection Toothpaste, .85 oz",$0.98,151,97,33,16,6,11
335358419,Natural Intensive Stain Remover Whitening Baking Soda Toothpaste Press Type Passion Fruit,$10.99,109,0,1,0,0,0
423818055,Colgate Enamel Health Multi-Protection 6 Oz. Cool Mint Gel Toothpaste,$0.25,206,40,6,0,0,0
707564104,"3 Pack - Rembrandt Whitening Toothpaste Intense Stain, Mint 3.52 oz",$28.01,15,70,12,1,3,5
531680891,"Polident Dentu Creme Denture Cleansing Toothpaste - 3.9 Oz, 2 Pack",$10.81,128,2,0,0,0,0
957670297,"Crest Kid's Toothpaste, Sparkle Fun (4.6 oz, 5 pk.)",$9.91,818,2,0,0,0,0
25524965,"JASON Powersmile Whitening Toothpaste, 6 Ounce Tube",$9.29 - $9.56,206,74,9,4,2,3
55335253,"Crest 3D White Diamond Strong Brilliant Mint Toothpaste, 3.5 Ounce",$4.76,1869,40,8,1,4,4
133120485,"2 Pack - Polident Dentu-Creme Denture Toothpaste, 3.9 Oz Each",$11.51,128,6,1,0,0,1
26969159,"Kiss My Face Kids Fluoride Free Toothpaste, Berry Smart, 4 Oz",$5.28,36,3,0,1,0,1
473563690,Sensodyne Fresh Mint Toothpaste 4 oz Each,$12.06,16,6,2,0,0,0
973981214,"Tom's Wicked Fresh! Spearmint Ice Toothpaste, 4.7oz, 2 Pack",$8.49,26,7,0,0,0,1
509125308,Crest Cavity Protection Toothpaste Gel Cool Mint 8.20 oz,$7.89,206,105,22,4,1,0
352143127,"Aquafresh Kids Toothpaste, Bubble Mint 4.60 oz",$5.23,109,2,0,0,0,0
249475125,uncle harry's natural & fluoride-free remineralizing toothpaste - freshens breath & strengthens enamel - spearmint (3 oz. jar),$10.00,206,2,0,0,1,0
994145616,"12-Pack Crest Tartar Protection Fresh Mint Gel, 6.4 oz. (Set of 12)",$35.03,89,1,0,0,0,0
11965127,"Colgate Max Fresh Toothpaste with Mini Breath Strips, Cool Mint - 6.0 Ounce (Twin Pack)",$3.99,33,57,11,1,1,4
469220953,Dental Herb Company Tooth & Gums Essentials Paste,$10.99,109,1,1,0,0,0
159123483,Organix South Theraneem Naturals Neem Tooth & Gum Powder - Gentle Mint 40 g Pwdr,$7.33,206,5,1,0,0,0
15580435,Crest Complete Whitening + Scope Outlast Mint Toothpaste (Choose Count),$4.82,206,69,8,3,0,2
331476505,"Hello Activated Charcoal + Acai Fluoride Free Toothpaste, Vegan & SLS Free, 4oz",$5.20,206,46,33,4,1,1
26965633,"JASON Healthy Mouth Tartar Control Fluoride-Free Toothpaste, 4.2 Ounce Tube",$9.09,206,12,5,0,1,0
886244429,(4 Pack) ARM & HAMMER PeroxiCare Toothpaste 6.0 oz,$12.48,206,61,7,3,2,2
46008081,"Archtek Maintenance Kit with full-sized Denture Brush, White 1 Each",$7.53,52,1,0,0,0,0
26965715,"Tom's of Maine Whole Care with Fluoride Natural Toothpaste, Cinnamon-Clove 4.7 oz",$5.23,206,46,3,0,1,3
119510633,"2 Pack - Baking Soda & Peroxide Toothpaste Whitening, Fresh Mint 8.20 oz",$13.38,89,115,28,5,3,3
26968789,"The Natural Dentist Fluoride-Free Toothpaste, Peppermint Sage, 5 Oz Tube",$8.21,206,5,1,0,1,0
457243848,Crest Complete Whitening + Scope Outlast Mint Toothpaste 7.3 oz 5-Pack,$31.19,206,59,7,3,0,2
367231255,"Sensodyne Repair and Protect Toothpaste, 5 pack. 3.4 oz Each .",$9.99,38,4,0,1,0,1
145787397,"2 Pack Fresh'n Brite Dual-Layer Denture Toothpaste, 3.8 Oz Each",$14.66,128,1,0,0,0,0
863563926,"4 Pack - Rembrandt Whitening Toothpaste Intense Stain, Mint 3.52 oz",$35.50,78,72,12,1,3,5
26960117,"Redmond Earthpaste Toothpaste, Peppermint, 4 Oz",$8.69,206,3,0,0,0,0
862757283,3 Pack - Crest Cavity Protection Toothpaste Gel Cool Mint 8.20 oz,$16.32,818,105,22,4,1,0
263300703,"3 Pack Colgate My First Baby and Toddler Toothpaste, Fluoride Free, 1.75 oz each",$19.73,206,1,0,0,0,0
171739292,Organix South Theraneem Organix Neem Toothpaste Neem Therape with Mint,$10.92,206,20,3,1,0,0
176636592,2 Pack - AIM Cavity Protection Gel Mint Toothpaste 6 oz Each,$8.15,1,1,0,0,0,0
42725649,"Kiss My Face Triple Action Flouride Free Toothpaste Cool Mint Gel, 4.5 OZ",$8.25,14,14,0,0,0,0
895188014,Crest Gum Detoxify Deep Clean Fluoride Toothpaste 4-4.1 oz. Boxes,$16.42,682,269,78,19,7,3
133576816,Xlear Spry Xylitol and Aloe Toothpaste - Peppermint 5 oz Paste,$8.51,206,42,7,4,3,0
363120666,"Plaque HD Toothpaste,1 tube",$43.56 - $58.00,206,2,0,0,0,0
378852752,"2 Pack - Nature's Gate Fluoride Free Toothpaste, Wintergreen Gel 5 oz",$14.75,2,6,3,0,4,0
983307365,"Crest Gum Detoxify Extra Fresh Toothpaste, 4.1 oz",$12.99,682,101,24,6,4,1
854865739,"ME Medichoice Toothpaste with Fluoride 0.6oz, 5/PK",$16.95,206,1,0,0,0,0
783794874,Essential Palace Neem 5 In 1 Fluoride Free Essential Toothpaste with Mint and Black Seed [Pack of 2 - White - 6.5 oz.],$17.00,206,3,0,0,0,0
10312104,Crest Complete Multi-Benefit Whitening + Scope Cool Peppermint Flavor Liquid Gel Toothpaste 4.6 Oz,$5.94,206,131,32,6,5,17
11965138,"Crest Complete Multi-Benefit Whitening + Herbal Mint Expressions, Herbal Mint, 6.0 oz",$3.99,1,48,8,1,2,5
947482552,"4 Pack - Crest Whitening Expressions Toothpaste, Extreme Herbal Mint 6 oz",$21.76,163,40,7,1,1,4
37398585,Jack N' Jill - Natural Toothpaste Fluoride-Free with Certified Organic Strawberry - 1.76 oz.,$11.58 - $14.81,206,4,0,0,0,0
980521313,"Crest Gum & Enamel Repair Toothpaste, Advanced Whitening, 4.1oz, Pack of 3",$14.97,89,1,0,0,0,0
107822749,"4 Pack - Crest Gum & Enamel Repair Toothpaste For Gum Care Intensive Clean, 4.1 oz",$35.96,89,89,23,4,4,1
48658188,Waterpik Cordless Dental Water Jet WP-360W 1 Each (Pack of 4),$149.37,565,1347,628,214,108,139
44605063,Plus White Xtra Whitening Toothpaste Gel Cool Mint 3.50 oz (Pack of 3),$15.76,206,1,0,0,0,0
455584375,Toms of Maine Luminous White Clean Mint Toothpaste,UNKNOWN,471,1,0,1,0,1
45022159,Oral-B SATINtape Fresh Mint 27 Yards (Pack of 6),$18.11,60,2,0,0,0,0
226341593,3 Pack - Plus White Smokers' Whitening Toothpaste 3.50 oz,$17.78,471,2,1,0,0,0
35764258,"Colgate Optic White Whitening Toothpaste, Sparkling White - 5 ounce",$5.81,163,65,15,4,3,7
16627501,"Tom's of Maine Whole Care Toothpaste, Spearmint, 4.0oz",$13.61,206,37,6,1,1,2
44620481,Listerine Essential Care Toothpaste Gel 4.20 oz (Pack of 2),$13.09,53,72,13,1,2,1
515036875,"Sensodyne Sensitivity Toothpaste, Extra Whitening for Sensitive Teeth, 4 ounce (Pack of 3)",$32.49,17,8,2,0,0,1
44722781,"Sensodyne Fluoride Toothpaste, Fresh Impact 4 oz (Pack of 2)",$17.38,9,12,0,0,0,0
144614975,"2 Pack Sensodyne Pronamel Toothpaste Fresh Breath Protects from Acids, 4 oz Each",$17.63,232,72,32,13,4,3
602233025,Dental Expert Activated Charcoal Teeth Whitening Toothpaste DESTROYS BAD BREATH - Best Natural Black Tooth Paste Kit - Herbal Decay Treatment - 105g (Mint Flavor),$9.99,29,2,0,0,0,0
449338277,4 Pack Sensodyne Rapid Relief for Sensitive Teeth & Cavity Prevention 0.8 oz ea,$9.47,206,0,0,1,0,0
389389729,"6 Pack - Crest Sensitivity Complete Protection Toothpaste, Smooth Mint, 3.5 oz",$31.47,107,40,12,6,5,2
155336944,"Sensodyne True White Toothpaste, Extra Fresh 3 oz (Pack of 2)",$16.18,206,1,0,0,0,0
438594319,"Crest 3D White Whitening Therapy Charcoal Deep Clean Fluoride Toothpaste, Invigorating Mint, 4.1 ounce, Pack of 3",$40.15,206,1,0,0,0,1
578489874,Natural Intensive Stain Remover Whitening Baking Soda Toothpaste Blue Berry,$10.99,109,0,0,0,0,1
104639243,"Supersmile Professional Whitening Toothpaste Icy Mint, 4.2 Oz",$25.82,1,1,0,0,0,0
37684787,"Redmond Earth Paste Natural Toothpaste, Unsweetend Spearmint, 4 Oz",$24.76,206,6,1,0,1,1
45019996,Crest Cavity Protection Toothpaste Regular 8.20 oz (Pack of 6),$23.33,262,62,17,4,1,0
48088496,"Crest 3D White Brilliance Advanced Whitening Technology Plus Advanced Stain Protection Toothpaste, Vibrant Peppermint, 0.85 oz",$17.42,206,1,1,0,0,4
104641425,Sensodyne® Maximum Strength Extra Whitening Toothpaste 4-6.5 oz. Boxes,$41.50,206,13,3,0,0,1
489277597,"6 Pack - Biotene Fluoride Toothpaste, Gentle Mint 4.3 oz",$45.71,179,1,0,0,0,0
143178237,2 Pack Sensodyne True White Toothpaste MINT 3 Oz / 85g Each,$16.61,206,29,11,2,0,0
46108726,"Ultra brite Baking Soda & Peroxide Whitening Toothpaste, Cool Mint 6 oz (Pack of 6)",$14.17,158,1,1,0,0,0
127642847,"My Magic Mud Activated Charcoal Fluoride Free Whitening Toothpaste, Cinnamon Clove, 4 Oz",$11.93,206,603,271,93,32,9
44917976,Biotene Dry Mouth Mouthwash 33.80 oz (Pack of 2),$27.75,65,23,9,0,2,0
605967928,"COALGREAT Activated Charcoal Toothpaste Combo, All Natural Bamboo Charcoal Teeth Whitening Powder + Charcoal Toothpaste, Fights Gingivitis and Cavities",$9.95,206,2,0,0,0,0
48082697,GUM Butlerweave Floss Mint Waxed 200 yd (Pack of 3),$9.52,1079,2,0,0,0,0
400858833,"Schmidt's Jasmine Spearmint Toothpaste, 4.7 oz",$4.99,206,3,0,0,0,1
507916588,"Product Of Sensodyne, Extra Whitening Tooth Paste, Count 1 - Tooth Paste / Grab Varieties & Flavors",$9.75,38,0,0,0,0,1
46237842,Oral-B Stages Toothpaste Bubble Gum 4.20 oz (Pack of 3),$14.32,13,0,0,0,0,1
44935233,Crest Whitening Plus Scope Toothpaste Liquid Gel Cool Peppermint 4.60 oz (Pack of 2),$10.38,203,1,0,0,0,0
882591113,"6 Pack - Close-Up Fluoride Toothpaste, Freshening Red Gel 4 oz",$13.32,24,2,0,0,0,0
946622937,NUK Infant/Biy Tooth and Gum Cleanser with 1.4 Ounce Toothpaste,$7.25,13,1,0,0,0,0
312348759,"Tom's of Maine Enamel Strength Fluoride Toothpaste, Peppermint 4 oz",$7.80,20,1,0,0,0,0
353978161,"Tom's of Maine Whole Care Natural Toothpaste, Wintermint 4 oz",$7.74,47,4,0,0,0,2
48653844,GUM Butlerweave Floss Mint Waxed 200 yd (Pack of 4),$12.22,206,2,0,0,0,0
188015287,"Virbac C.E.T. Toothpaste, Poultry Flavor, 70 g",$14.90,206,2,0,0,0,0
737300862,Sensodyne Extra Whitening Toothpaste 6 oz,$12.39,71,8,3,1,0,1
736391474,"Crest 3D White Whitening Therapy Toothpaste, Peppermint Oil, 4.1 oz",$0.50,471,33,17,3,1,0
171787705,Radius Organic Coconut Oil Whitening Toothpaste - Gingercitrus 3 oz Paste,$7.99,1,1,0,0,0,0
10402640,Colgate Total Whitening Gel Toothpaste Twin Pack - 12 ounce,$2.67,206,57,18,5,0,3
190735756,"2 Pack - Orajel Toddler Training Toothpaste, Fruity Fun, 1.50 oz",$9.54,206,1,0,0,0,0
125840471,Sensodyne® Pronamel® Gentle Whitening Toothpaste Alpine Breeze® 4-6.5 oz. Box,$39.77,206,53,21,3,1,0
26971591,"Tea Tree Therapy Tea Tree Toothpaste With Baking Soda, 5 Oz",$7.08,206,22,5,0,0,2
36300480,"Desert Essence Natural Tea Tree Oil Whitening Plus Fluoride-Free Toothpaste, Cool Mint, 6.25 Oz",$10.87,46,42,2,1,0,1
49430495,"Rembrandt Intense Stain Mint Toothpaste, 3.5 oz",$5.97,34,82,13,1,4,5
38688244,"Tom's of Maine Toddler Mild Fruit Training Toothpaste for Ages 3-24 Months, 1.75 oz",$1.30,206,23,3,1,2,2
45002949,"Close-Up Fluoride Toothpaste, Freshening Red Gel 4 oz (Pack of 2)",$6.77,24,2,0,0,0,0
145453331,6 Pack - AquaFresh Cool Mint Toothpaste Cavity Protection 5.6 Oz Each,$21.61,55,1,0,0,0,0
956580268,"4 Pack - Hello Kids Fluoride Free Toothpaste, Natural Watermelon 4.20 oz",$24.32,11,557,101,31,10,13
360895363,Smart Mouth Whitening Toothpaste with Fluoride Clean Mint 6 oz (Pack of 1),$11.29,109,1,0,0,0,0
182975538,Viva Doria Flouride Free Natural Mineralizing Toothpaste - Peppermint (3 oz glass jar),$6.99,206,0,1,0,0,0
44591232,Smart Mouth Whitening Toothpaste with Fluoride Fresh Mint 6 oz (Pack of 2),$19.58,13,1,0,0,0,0
40711221,"Crest Sensitivity Complete Protection Sensitive Toothpaste, 3.5 oz",$9.26,206,62,15,7,5,4
177574783,"Crest Baking Soda and Peroxide Whitening with Tartar Protection Fresh Mint Toothpaste, 4.6 Ounce",UNKNOWN,107,112,27,5,3,3
20894378,"Aquafresh Extreme Clean Pure Breath Fluoride Toothpaste for Cavity Protection, 5.6 ounce",$3.37,24,18,4,1,0,0
178268826,"4 Pack Sensodyne Pronamel Toothpaste Fresh Breath Protects from Acids, 4 oz Each",$33.09,147,72,32,13,4,3
26009539,Ark Naturals Brushless Toothpaste Dental Chew for Dog Mini X 4 Oz,$9.89,51,4,0,0,0,0
988679376,3 Pack - Aim Multi-Benefit Cavity Protection Cinna Mint Gel Toothpaste 5.5 oz,$11.01,206,2,0,0,0,0
177446546,"5 Pack - Aquafresh, Extreme Clean Toothpaste Whitening Action - 5.6oz Each",$24.11,109,0,0,0,0,1
51297965,"Listerine Essential Care Fluoride Anticavity Toothpaste Gel, Mint - 4.2 Oz, 3 Pack",$21.22,971,57,9,1,2,1
182862008,Himalaya Botanique Travel Size Toothpaste - Neem & Pomegranate 0.74 oz Paste,$5.39,206,7,1,0,0,1
926391722,2 Pack - Crest Plus Scope Toothpaste Liquid Gel Minty Fresh 4.60 oz,$11.42,206,118,29,6,5,14
26967658,"Fluoride-Free Toothpaste, Wintergreen, 5 Oz",$13.99,206,5,3,0,4,0
719435675,Regenerate Enamel Science Advanced Toothpaste (75ml),$24.99,206,0,0,1,0,0
21902986,Squeezit Tube Squeezer,$7.98,79,5,0,0,0,2
217887059,"Rembrandt Intense Stain Whitening Toothpaste with Fluoride Mint, 3.52 oz",$11.01,34,2,0,0,0,0
153727008,"4 Pack - Polident Dentu-Creme Denture Toothpaste, 3.9 Oz Each",$20.61,128,4,1,0,0,1
455198827,Dry Mouth Relief Mints and Premium Toothpaste for 24 Hour Bad Breath Prevention,$19.96,206,0,1,0,0,0
180617042,3 Pack - AquaFresh Cool Mint Toothpaste Cavity Protection 5.6 Oz Each,$14.38,55,1,0,0,0,0
44631204,Kank-A Soft Brush Tooth/Mouth Pain Gel Professional Strength 0.07 oz (Pack of 3),$18.65,109,1,0,0,0,0
175892133,"2 Pack - Sensodyne Repair and Protect Toothpaste, 3.4 Oz Each",$18.40,172,30,5,1,0,4
113786622,"Schmidt's Vanilla Chai Toothpaste, 4.7 oz",$5.33,217,13,1,0,0,2
426161436,"Tom's of Maine Whole Care Toothpaste with Fluoride, Spearmint 4 oz",$9.99,20,25,1,1,0,1
260785496,"6 Pack - Tom's of Maine Whole Care Natural Fluoride Toothpaste, Cinnamon Clove 4 oz",$37.55,344,37,2,0,1,3
46231863,S.T.37 Solution 16 oz (Pack of 2),$31.19,167,2,0,0,0,0
196564887,Family Washroom Bathroom Plastic Cosmetics Gels Toothpaste Tube Squeezers 3 PCS,$5.04,1,1,0,0,0,0
46108150,Kleenite Dental Cleanser Powder - 6 Oz,$7.84,5,1,0,0,0,0
471457686,"Rembrandt Whitening Toothpaste Intense Stain, Mint 3.52 oz",$10.66,78,73,12,1,3,6
614154192,"3 Pack - Ultra brite Baking Soda & Peroxide Whitening Toothpaste, Cool Mint 6 oz",$10.90,194,1,1,0,0,0
48058842,"Plus White Coffee Drinkers' Toothpaste, 3.5 Oz",$4.31,5012,4,0,0,0,0
128907854,"Himalaya Botanique Fluoride-Free Toothpaste, Neem And Pomegranate, 5.29 Oz",$5.99,2,30,3,1,0,0
241009307,"Sensodyne True White Toothpaste, Mint 3 oz (Pack of 2)",$16.95,76,29,11,2,0,0
625809195,"2 Pack - Crest Gum & Enamel Repair Toothpaste for Gum Care Advanced Whitening, 4.1 oz",$17.31,133,1,0,0,0,0
366120034,2 Pack - Hello Oral Care Activated Charcoal Fluoride Free Whitening Toothpaste 4  oz,$13.94,1744,1,0,0,0,0
52619095,"Aim Multi-Benefit Cavity Protection Gel Toothpaste, Ultra Mint 5.50 oz (Pack of 3)",$9.99,109,1,0,0,0,0
801554676,Teeth Whitening Bundle - Bamboo Charcoal Toothpaste + Activated Coconut Charcoal Powder + 3 Wheat Straw Toothbrushes,$13.99,206,2,0,0,0,0
231460442,6 Pack - Plus White Xtra Whitening Toothpaste Gel Cool Mint 3.50 oz,$29.01,206,0,1,0,0,0
187908036,2 Pack - AquaFresh Cool Mint Toothpaste Cavity Protection 5.6 Oz Each,$10.29,109,1,0,0,0,0
320983337,"6 Pack - Crest Whitening Expressions Toothpaste, Extreme Herbal Mint 6 oz",$28.86,89,41,7,1,1,4
44590270,Listerine Essential Care Toothpaste Gel 4.20 oz (Pack of 3),$20.04,971,71,13,1,2,1
629359298,"3 Pack - Crest Gum & Enamel Repair Toothpaste For Gum Care Intensive Clean, 4.1 oz",$28.86,140,89,23,4,4,1
646133466,Colgate Triple Action Toothpaste 8 oz (Pack of 3),$16.05,92,5,2,0,0,0
976239158,Sensodyne Pronamel Toothpaste 4 oz,$9.99,147,45,12,7,4,4
48661737,Stim-U-Dent Plaque Removers Mint 100 Each (Pack of 4),$8.99,7,1,0,0,0,0
48083398,Crest 3D White Fluoride Anticavity Toothpaste 0.85 oz (Pack of 2),$5.05,6,0,0,0,0,1
865278212,"Toms Of Maine Long Lasting Wicked Fresh Spearmint Ice Fluoride Toothpaste - 4.7 Oz, 6 Pack",$38.44,109,1,0,0,0,0
151368309,"colgate total toothpaste, deep clean - 5.1 ounce (4 pack)",$31.61,206,40,12,2,3,5
948575055,"Sensodyne ProNamel Toothpaste, Mint Essence, 4 Oz Each",$12.06,147,45,12,7,4,4
160104403,"3 Pack - Cavity Protection Toothpaste, Regular, 8.2oz Each",$18.77,89,106,22,4,1,0
15103867,"Colgate My First Baby and Toddler Toothpaste, Fluoride Free - 1.75 oz",$9.29,206,6,6,1,1,1
47932068,"Aquafresh Whitening Multi Action Invigorating Mint Fluoride Toothpaste, 5.6 oz",$11.28,206,3,0,0,0,0
890472423,Tom's Silly Strawberry Fluoride Free Kids Toothpaste - 4.2oz Each,$7.85,49,18,2,0,0,2
499579307,"(4 pack) Crest Pro-Health Clean Mint Toothpaste, 4.6 oz",$9.58,206,1,0,0,0,0
670597476,Radius Organic Toothpaste for Kids - Dragon Fruit 3 oz Gel,$7.99,206,1,0,0,0,0
45025396,Anbesol Gel Maximum Strength 0.33 oz (Pack of 3),$19.69,109,1,0,0,0,0
50652731,"Crest Complete Multi-Benefit Fluoride Toothpaste, Whitening + Scope, Minty Fresh 0.85 oz (Pack of 2)",$5.03,109,118,29,6,5,14
565005124,"2 Pack - Crest Sensitivity Complete Protection Toothpaste, Smooth Mint, 3.5 oz",$13.58,56,40,12,6,5,3
848731970,"Jason Power Smile Whitening Toothpaste, Powerful Peppermint 6 oz (Pack of 6)",$26.82,25,74,9,4,2,3
774834030,"Jason Sea Fresh Antiplaque & Strengthening Toothpaste, Deep Sea Spearmint 6 oz",$6.89,51,43,6,0,0,1
47217448,"(2 Pack) Sensodyne Pronamel Fresh Wave Fluoride Toothpaste to Strengthen and Protect Enamel, 8 ounces Twinpack (4 oz)",$19.66,1,163,45,14,5,5
174092706,"Colgate Optic White Toothpaste, Sparkling Mint (5 oz., 5 pk.)",$24.69,31,6,1,0,1,1
113408232,"Jason Power Smile Whitening Toothpaste, Powerful Peppermint 6 oz",$7.99,10,73,9,4,2,3
45023523,Listerine Ultraclean Antiseptic Fresh Citrus 1500 mL (Pack of 2),$27.73,206,8,1,0,0,0
44722157,Crest Toothpaste Gel Cool Mint 8.20 oz (Pack of 6),$25.73,109,1,0,0,0,0
26971588,"Tea Tree Therapy Natural Whitening Toothpaste With Tea Tree Oil, 3 Oz",$8.40,206,1,0,0,0,0
164692829,"2 Pack - Sensodyne Repair & Protect Fluoride Toothpaste, Extra Fresh Toothpaste 3.4 oz",$15.96,53,7,2,0,0,0
384632200,Colgate Sensitive Maximum Strength Whitening Toothpaste 6 oz (Pack of 2),$13.32,172,0,1,0,0,0
135273141,Activated Charcoal Toothpaste Mint Heritage Store 5.1 oz Paste,$12.18,206,1,1,0,1,0
582662042,Opalescence Whitening Toothpaste Sensitivity Relief 4.7oz (1),$11.47,206,1,0,0,0,0
44602489,Smart Mouth Whitening Toothpaste with Fluoride Fresh Mint 6 oz (Pack of 3),$25.74,13,1,0,0,0,0
859799171,Sanogyl Rose Toothpaste for Irritated Gum Care 75 Ml,$13.99,533,1,0,0,0,0
817711773,2 Pack Crest Multi-Benefit Whitening Fluoride Toothpaste Anticavity Cinnamon Gel,$16.44,1,0,0,0,0,1
45003251,Gly-Oxide Liquid 0.50 oz (Pack of 2),$14.56,206,1,0,0,0,0
109642706,Email Diamant Red Toothpaste 75 ml,$14.95,206,1,0,0,0,0
941971409,"Toms of Maine Fluoride-Free Natural Toddler Toothpaste, Mild Fruit, 2 Pack, 1.75 oz each",$11.91,818,2,0,0,0,0
104711980,KABOER Cartoon Cute Multi-Function Automatic Toothpaste Machine Fun Animal Squeezing Toothpaste Cute Cartoon Toothpaste Squeezing Equipment Cleansing Cream Squeezer Roller,$7.57,206,0,0,0,0,1
470459427,"Crest 3d White Whitening Therapy Charcoal Deep Clean Fluoride Toothpaste, Invigorating Mint 4 Count 4.1OZ Each",$34.99,206,0,0,0,0,1
37426203,Xlear Spry Xylitol and Aloe Toothpaste Fluoride Free - Cinnamon 5 oz Paste,$8.99,206,19,0,1,0,5
45020072,Aquafresh Kids Toothpaste Bubble Mint Pump 4.60 oz (Pack of 2),$9.22,7,1,0,0,0,0
691986848,"Product Of Crest Pro Health, Toothpaste, Count 1 - Tooth Paste / Grab Varieties & Flavors",$8.91,151,0,0,0,0,1
176991034,Trader Joe's All Natural Anticavity Peppermint Toothpaste with Baking Soda and Fluoride 6oz (Pack of 2),$14.99,206,0,0,0,0,1
223440990,2 Pack - Crest Whitening Plus Scope Toothpaste Minty Fresh Striped 2.70 oz,$9.58,89,121,30,7,5,15
898536402,Viva Doria Fluoride Free Natural Mineralizing Toothpaste - Cinnamon (3 oz glass jar),$6.99,206,2,0,0,0,1
48656808,GUM Dual-Action Tongue Cleaner 1 Each (Pack of 4),$9.81,206,2,0,0,0,0
179352395,5 Pack Ultra Brite Advanced Whitening All in One Mint Toothpaste 6.0 Oz Each,$14.76,158,1,0,0,0,0
125376804,Pet King Brands Retail-Oratene Antiseptic Gel 1 Oz,$13.98,89,1,0,0,0,0
456249386,Crest Complete Extra Whitening w/ Scope Toothpaste 5 pack 8.2oz New In Box!!,$200.00,248,0,0,1,0,0
429877253,All Natural Activated Charcoal Toothpaste and Teeth Whitening with Coconut Charcoal and Essential Oil,$9.99,206,12,3,1,0,2
675068431,"Tom's of Maine Tartar Control Plus Whitening Paste, Spearmint 5.5oz Each",$9.38,109,22,2,0,0,1
48088843,"GUM Proxabrush Go-Betweens Cleaners, Ultra Tight 8 ea (Pack of 3)",$13.54,206,1,0,0,0,0
809004106,"Jason Power Smile Whitening Toothpaste, Powerful Peppermint 6 oz (Pack of 4)",$20.58,206,72,9,4,2,3
45103542,"Crest 3D White Brilliance Advanced Whitening Technology Toothpaste, Mesmerizing Mint, 4.1 oz",$5.99,132,33,15,1,0,1
586699229,2 Pack - Orajel Toddler Training Toothpaste Fruit Splash 1.50 oz,$10.31,206,0,0,0,0,1
119776798,"My Magic Mud Activated Charcoal Fluoride Free Whitening Toothpaste, Wintergreen, 4 Oz",$12.34,206,604,271,94,32,10
26960935,"Desert Essence Natural Tea Tree Oil And Neem Fluoride-Free Toothpaste, Wintergreen, 6.25 Oz",$12.44,206,212,22,4,1,1
136245777,"3 Pack Sensodyne Pronamel Toothpaste Fresh Breath Protects from Acids, 4 oz Each",$24.93,232,72,32,13,4,3
117455625,"Crest 3D White Vivid Fluoride Anticavity Toothpaste, Radiant Mint  0.85 oz",$5.59,252,189,34,16,7,12
940485291,"Sensodyne Pronamel Toothpaste Fresh Breath , Protects from Acids - 4 oz",$10.75,232,72,32,13,4,3
28932668,Heritage Products Ipsab Tooth Powder Peppermint 4 oz Pwdr,$8.31,206,5,1,1,0,0
26965744,Tom's of Maine Peppermint Whole Care Toothpaste 4.7 oz Paste,$4.79,47,32,2,1,1,2
548484707,"Premier 9007280 Enamelon Fluoride Toothpaste, 122 G,- Mint Breeze (Pack Of 1)",$15.99,147,1,0,0,1,0
681771613,"Squigle - Squigle Toothpaste ,Peppermint,4 ounce (Pack of 2)",$17.99,206,1,0,0,0,0
49086672,"Christopher's Original Formulas Herbal Tooth Powder, 2 Oz",$10.95,206,7,2,0,0,1
726338909,Schmidt's Naturally Flavored Kids Toothpaste Watermelon + Strawberry 4.7 OZ,$10.25,13,1,0,0,1,0
146939219,Toothbrush Toothpaste Kit Travel Set Crest .85 oz Holder 3 Piece Set Compact New,$5.94,4,0,0,0,0,1
466691597,Crest Pro Health Original Clean Mint Toothpaste 5.1 Ounce Pack of 2,$14.56,89,73,29,18,15,18
815847716,"(2 pack) Crest Tartar Control Toothpaste, 6.4 oz",$8.66,206,20,3,0,0,5
48652387,Listerine Essential Care Toothpaste Gel 4.20 oz (Pack of 4),$24.29,220,75,13,1,2,1
26960951,"Desert Essence Natural Tee Tree Oil Fluoride-Free Toothpaste, Mint, 6.25 Oz",$12.44,206,46,8,1,0,0
48088810,GUM Butlerweave Floss Mint Waxed 200 yd (Pack of 2),$7.16,206,0,1,0,0,0
39259433,"Now Xyliwhite Fluoride-Free Kids Toothpaste, Strawberry Splash, 3 Oz",$5.61,206,14,1,0,0,1
36297524,"Desert Essence Natural Tee Tree Oil Fluoride-Free Toothpaste, Mega Mint, 6.25 Oz",$10.98,206,9,2,2,0,1
340143658,"3 Pack - Aquafresh Cavity Protection Fluoride Toothpaste, Cool Mint 3 oz",$9.42,109,0,0,0,1,0
709281729,2 Pack - Crest Tartar Protection Toothpaste Whitening Cool Mint Paste 5.7 oz,$12.42,89,4,3,0,0,1
353927148,"Nature's Gate Natural Toothpaste without Fluoride, Wintergreen Gel (Pack of 6)",$31.99,206,1,0,0,0,0
103339103,Eco-Dent  ExtraBrite   Dazzling Mint  Tooth Whitener  Without Fluoride  2 oz  56 g,$15.76,206,3,2,0,0,0
825787128,"2 Pack - Hello Sensitivity Relief Toothpaste, Soothing Mint with Coconut Oil, 4 oz 1  ea",$16.22,180,73,6,1,1,1
42861621,Close Up Anticavity Fluoride Toothpaste Freshening,$2.39,158,0,0,0,0,1
757175588,All Natural Toothpowder with Mint and Myrrh Gum,$6.95,206,2,0,0,0,0
595872337,Spry Toothpaste - Spearmint - 5 Oz,$8.96,206,5,1,0,0,0
49552033,"Now Foods Solutions Xyliwhite Kids Toothpaste, Orange Splash, 3 Oz",$3.99,206,1,0,0,0,0
972157078,"4 Pack - Desert Essence Natural Tea Tree Oil & Neem Toothpaste, Wintergreen 6.25 oz",$26.99,109,131,11,3,1,1
393630243,6 Pack - Crest Complete Whitening+ Toothpaste Cinnamon 6 oz,$28.32,206,71,4,4,0,1
12177394,"Colgate Max White Liquid Whitening Toothpaste, Mint - 4.6 oz",$10.42,471,8,2,0,0,1
859888667,2 Pack - Crest Kid's Cavity Protection Sparkle Fun Flavor Toothpaste 4.2 oz,$14.17,89,47,3,2,0,0
903546591,"Marvis Toothpaste Flavor Collection Gift Set, 7 count",$34.90,1,0,1,0,0,0
44936181,Pepsodent Complete Care Toothpaste Original Flavor 6 oz (Pack of 3),$10.24,206,1,0,0,0,0
42786768,Kiss My Face Toothpaste Whitening Gel Fluoride Free Kiss My Face 4.5 Ounce Paste,$8.25,206,4,0,0,0,0
713214172,"Supersmile 4.2oz Professional Whitening Toothpaste, Jasmine Green Tea Mint",$19.99,1,1,0,0,0,0
186549044,5 Pack - Sensodyne Fresh Impact Toothpaste 4 oz Each,$40.17,206,9,0,0,0,0
135446552,3 Pack - Biotene Dental - Oral Balance Mouth Moisturizing Gel Fluoride Toothpaste 4.3oz Each,$26.93,1079,1,0,0,0,0
199829775,"2 Pack - Crest Fluoride Anticavity Toothpaste, Regular Paste 4.6 Oz Each",$11.00,818,105,22,4,1,1
969498129,Plus White Xtra Whitening Toothpaste Gel Cool Mint 3.50 oz,$8.45,471,1,0,0,0,0
114922257,2 Pack - Baby Orajel Tooth & Gum Cleanser Bright Banana Apple 1oz Each,$11.00,206,1,0,0,0,0
26958669,"Auromere Herbal toothpaste, Mint Free, 4.16 Oz",$7.64,206,1,0,0,0,0
44935823,GUM PerioShield Oral Health Rinse 10 oz (Pack of 3),$30.05,1079,2,0,0,0,0
365375296,2 Pack - AIM Toothpaste Gel Whitening Mint 6 oz Each,$4.21,818,1,0,0,0,0
121772074,"5 Pack Sensodyne Pronamel Toothpaste Fresh Breath Protects from Acids, 4 oz Each",$40.17,232,72,32,13,4,3
488072125,"Tom's of Maine Cavity Protection Anticavity Baking Soda Peppermint Toothpaste, 5.5 oz - Pack of 6",$37.55,2,5,0,0,0,0
46065020,"Sunstar 460RGB GUM Super Tip Toothbrush with Proxabrush Go-Betweens, Triangular Full Soft Bristle",$3.68 - $11.36,206,4,0,0,1,1
51441168,"Desert Essence Toothpaste, Neem Cinnamint, 6.25 Oz",$11.40,206,2,0,1,0,0
232386367,4 Pack - Crest Whitening Expressions Toothpaste Cinnamon Rush 6 oz,$21.40,206,71,4,4,0,1
565326054,"Crest Cavity Protection Toothpaste, Regular - 6.4 Oz, 6 Pack",$23.99,89,63,17,4,1,0
338050151,"4 Pack - Hello Kids Fluoride Toothpaste, Blue Raspberry 4.2 oz",$22.27,13,1,0,0,0,0
499713012,"3 Pack - Nature's Gate Fluoride Free Toothpaste, Wintergreen Gel 5 oz",$20.59,54,5,3,0,4,0
26967652,Nature's Gate Natural Toothpaste Cherry Gel for Kids 5 oz Paste,$8.80,206,4,1,0,0,1
792748601,"6 Pack - Crest 3D White Luxe Diamond Strong Whitening Toothpaste, Brilliant Mint 4.8 oz",$38.01,132,1,0,0,0,0
128651730,"5 Pack Fresh'n Brite Dual-Layer Denture Toothpaste, 3.8 Oz Each",$30.47,128,1,0,0,0,0
216581354,"Aquafresh Cavity Protection Fluoride Toothpaste, Cool Mint 5.6 oz",$5.98,109,0,0,0,0,1
715819676,"2 Pack - Crest Gum Detoxify Toothpaste, Deep Clean 4.1 oz",$21.26,244,446,119,27,8,8
206288723,Squigle Tooth Builder Sensitive Toothpaste 4 Oz - 4 Pack,$34.99,206,1,0,0,0,0
374817384,"Supersmile Professional Teeth Whitening Toothpaste, Original Mint , 4 Oz",$20.99,1,1,0,0,0,0
43190426,"Philips Sonicare BreathRx Whitening Toothpaste, 4 Oz",$5.56,22,24,6,2,1,0
39454191,Now XyliWhite Refreshmint,$6.71,100,80,15,2,2,1
45018042,Colgate Sensitive Maximum Strength Whitening Toothpaste 6 oz (Pack of 6),$24.60,172,1,0,0,0,0
150578312,Uncle Harry's Fluoride Free Toothpaste - Cinnamon (3 oz glass jar),$10.00,206,1,0,0,0,0
116556327,"Tom's of Maine Whole Care Toothpaste, Cinnamon Clove, 4.0oz 3 Pack",$34.26,206,46,3,0,1,3
26967650,"Fluoride-Free Toothpaste, Creme De Anise, 6 Oz",$12.99,206,2,0,0,0,0
436344859,Sanogyl Global + Whitening toothpaste 75ML,$12.95,206,0,0,0,1,0
114405574,Himalaya Botanique Complete Care Whitening Mint Toothpaste 5.29 oz,$7.96,34,1,0,0,0,0
49603488,NOW Foods Xyliwhite Kids Toothpaste Gel - Bubblegum Splash 3 oz Gel,$5.84,106,2,0,0,0,0
44176406,Ecofam Toothbrush Adult Red XyloBurst 1 Toothbrush,$9.96,206,2,0,0,0,0
318337703,"4 Pack - Crest 3D White Luxe Diamond Strong Whitening Toothpaste, Brilliant Mint 4.8 oz",$27.86,128,0,0,0,1,0
717242862,"4 Pack - GUM Crayola Anticavity Flouride Toothpaste, Fruit Explosion  4.2 oz",$17.35,206,1,0,0,0,0
44604123,Ultra brite Advanced Whitening Toothpaste Clean Mint 6 oz (Pack of 3),$9.99,194,2,0,0,0,0
855517874,"My Magic Mud - Activated Charcoal Toothpaste, Natural, Whitening, Detoxifying, Spearmint, 4 oz.",$12.35,206,600,271,93,32,9
211341959,"2 Pack - Crest, Kids Toothpaste, Frozen, Blue Bubble Gum Pump 4.2 oz",$12.42,89,41,6,0,0,2
896036550,"Lucky Super Soft Adult Toothpaste with Toothbrush, Whitening, 6.4 Oz",$6.98,206,1,0,0,0,1
338381752,Colgate Optic White Stain Fighter Clean Mint Toothpaste - 4.2 ounce,$3.54,109,14,5,1,1,1
121338769,3 Pack - Baby Orajel Tooth And Gum Cleanser Fruit Flavor 0.7oz Each,$12.44,1,1,0,0,0,0
44933107,Sensodyne Tartar Control Plus Whitening Toothpaste 4 oz (Pack of 6),$42.86,39,6,3,0,0,0
44933101,Sensodyne Tartar Control Plus Whitening Toothpaste 4 oz (Pack of 3),$25.19,39,5,3,0,0,0
103189842,2 Pack - Sensodyne Tartar Control Plus Whitening Toothpaste 4 oz Each,$18.40,206,11,5,0,0,0
975591042,"3 Pack - Crest, Kids Toothpaste, Frozen, Blue Bubble Gum Pump 4.2 oz",$18.74,89,41,6,0,0,2
444883707,"4 Pack - Crest  Pro-Health JR. Star Wars Toothpaste, Minty Breeze 4.2 oz",$16.88,89,283,36,16,0,1
403818832,"Jason Sea Fresh Antiplaque & Strengthening Toothpaste, Deep Sea Spearmint 6 oz (Pack of 6)",$27.09,1,42,6,0,0,1
128177447,Lumineux Oral Essentials - Medically Developed Toothpaste Clean & Fresh - 3.75 oz.,$11.30,109,1,0,0,0,0
48658698,Crest Cavity Protection Toothpaste Regular 8.20 oz (Pack of 4),$18.42,818,62,17,4,1,0
341864308,InVitamin - Natural Whitening Activated Charcoal Toothpaste Spearmint Flavor - 4 oz.,$9.99,206,1,0,0,0,0
274890257,"Sensodyne Fluoride Toothpaste, Fresh Impact 4 oz",$9.22,12,9,0,0,0,0
37966817,"Kiss My Face Whitening Anticavity Fluoride Toothpaste, Cool Mint, 4.5 Oz",$4.40,14,3,0,0,0,0
838111232,"2 Pack - Sensodyne Pronamel Strong & Bright Toothpaste, Extra Fresh 3 oz",$18.83,52,23,5,4,3,0
145855930,4 Pack Sensodyne True White Toothpaste EXTRA FRESH 3 oz / 85g Each,$31.95,206,29,11,2,0,0
10311989,CREST COMPLETE T/P WHT+SCP MNT 2.7 OZ,$8.95,206,124,30,7,5,15
418790042,"COALGREAT Activated Charcoal Toothpaste Combo - Set of 4 - All Natural Bamboo Charcoal Teeth Whitening Powder + Charcoal Toothpaste, Fights Gingivitis and Cavities",$29.99,206,2,0,0,0,0
606938001,2 Pack - Gel-Kam Fluoride Preventive Treatment Gel Mint Flavor 4.30 oz,$40.73,971,1,0,0,0,0
12167293,"BreathRx Whitening Toothpaste, 4-Ounce Tubes (Pack of 2)",$10.99,206,1,0,0,0,0
38556464,DDW TOOTHPASTE,$8.80,206,7,0,0,0,0
28646456,"Jason Sea Fresh Toothpaste, Sea Algae, 6 Oz",$8.03,206,1,0,0,0,0
156809319,"Sensodyne Toothpaste for Sensitive Teeth and Cavity Prevention, Maximum Strength Extra Whitening 6.5 oz (3 pack)",$28.88,206,17,3,0,0,1
152479848,"Supersmile Whitening Toothpaste, 4.2 Oz",$24.11,6,5,0,1,0,0
44722062,"Sensodyne Fluoride Toothpaste, Fresh Impact 4 oz (Pack of 6)",$45.63,12,11,0,0,0,0
46221839,Listerine Original 500 mL (Pack of 2),$15.63,43,371,37,10,3,4
49913308,"Crest 3D White Foaming Clean Whitening Toothpaste, 4.8 oz, Pack of 2",$0.50,206,32,12,5,3,3
144937811,2 Pack - Sensodyne Fresh Impact Toothpaste 4 oz Each,$17.94,206,12,0,0,0,0
540929353,"Crest Pro-Health Advanced Whitening Power Toothpaste (6.0 Ounce, 5 Count)",$28.78,206,33,8,4,4,4
559899946,"Crest Gum Detoxify Deep Clean Toothpaste, 4 / 4.1 Ounce",$9.99,682,245,76,18,7,3
44605093,Oral-B Precision Clean Replacement Brushheads 3 Ea (Pack of 3),$39.40,2038,2,0,0,0,0
44602548,Oral-B Precision Clean Replacement Brushheads 3 Ea (Pack of 2),$27.12,138,4,1,0,0,0
45022533,Crest Whitening Plus Scope Toothpaste Minty Fresh Striped 2.70 oz (Pack of 2),$9.46,109,1901,544,117,30,19
131791394,"Zion Health Natural ClayBrite Sensitive Gums Toothpaste, 4 Oz",$9.48,1,1,0,0,0,0
